station_id,대여소명,주소,station_lat,station_lon,station_elevation_m,nearest_subway_name,nearest_subway_distance_m,subway_elevation_m,elevation_diff_nearest_subway_m,nearest_bus_stop_name,nearest_bus_stop_distance_m,bus_elevation_m,elevation_diff_nearest_bus_stop_m,nearest_park_name,nearest_park_distance_m,nearest_park_area_sqm,park_elevation_m,elevation_diff_nearest_park_m,distance_naturepark_m,inside_naturepark,distance_river_boundary_m
2301, 현대고등학교 건너편,서울특별시 강남구 압구정로 134,37.52407074,127.02178955,15.0,압구정,676.3932200344976,29.0,-14.0,신사중학교,31.690509908237257,16.0,-1.0,도산근린공원,1169.5472992568225,29816.5,30.0,-15.0,1943.599,0,510.63
2302, 교보타워 버스정류장(신논현역 3번출구 후면),서울특별시 강남구 봉은사로 지하 102,37.5055809,127.02427673,20.0,신논현,129.30158007069147,27.0,-7.0,교보타워,24.71282136601628,23.0,-3.0,도산근린공원,2325.377527410613,29816.5,30.0,-10.0,1607.119,0,1991.707
2303, 논현역 10번출구,서울특별시 강남구 학동로 지하 102,37.51137161,127.02146149,32.0,논현,31.250221522971053,32.0,0.0,영동시장.논현역1번출구,87.59318743939798,31.0,1.0,도산근린공원,1902.7002973063866,29816.5,30.0,2.0,1768.31,0,1445.254
2304, 대현그린타워,서울특별시 강남구 언주로 626,37.5116272,127.03565216,65.0,학동,455.99558563352826,41.0,24.0,논현아이파크,58.75082200835278,70.0,-5.0,도산근린공원,1451.9099832858928,29816.5,30.0,35.0,2319.819,0,2262.668
2305, MCM 본사 직영점 앞,서울특별시 강남구 언주로 734,37.52064133,127.03450775,21.0,강남구청,683.8902474091004,59.0,-38.0,제일은행.호림아트센터앞,110.9219644070067,26.0,-5.0,도산근린공원,450.9006871740943,29816.5,30.0,-9.0,2960.419,0,1348.501
2306, 압구정역 2번 출구 옆,서울특별시 강남구 압구정로 지하 172,37.5271225,127.02871704,29.0,압구정,23.266637636051197,29.0,0.0,압구정역3번출구,124.65313689192422,27.0,2.0,도산근린공원,619.6346411922685,29816.5,30.0,-1.0,2100.553,0,716.279
2307, 압구정 한양 3차 아파트,서울특별시 강남구 압구정로 321,37.52838135,127.03901672,21.0,압구정로데오,173.99806305580933,25.0,-4.0,압구정로데오,19.20999073763878,21.0,0.0,도산근린공원,541.7172119919788,29816.5,30.0,-9.0,2798.271,0,413.129
2308, 압구정파출소 앞,서울특별시 강남구 압구정로 311,37.52930069,127.03559875,21.0,압구정로데오,484.7372548025296,25.0,-4.0,압구정파출소,63.342915304655854,21.0,0.0,도산근린공원,516.7741125358261,29816.5,30.0,-9.0,2482.054,0,406.66
2309, 청담역(우리들병원 앞),서울특별시 강남구 학동로 443,37.51890182,127.04938507,39.0,청담,353.45653787576214,42.0,-3.0,SM엔터테인먼트,128.9069675498341,37.0,2.0,청담근린공원,381.9201251213382,59347.0,68.0,-29.0,2996.729,0,997.538
2310, 청담동 맥도날드 옆(위치),서울특별시 강남구 학동로 지하 508,37.52361298,127.04017639,27.0,압구정로데오,420.1698862481745,25.0,2.0,일지아트홀.압구정노인복지관,91.6138829666312,24.0,3.0,도산근린공원,469.00325411300037,29816.5,30.0,-3.0,3149.621,0,880.778
2311, 학동로 래미안 아파트 앞,서울특별시 강남구 학동로 지하 508,37.51777267,127.04302216,59.0,강남구청,168.44798043937465,59.0,0.0,청담동래미안아파트,16.256951174321184,59.0,0.0,청담근린공원,920.8140351415318,59347.0,68.0,-9.0,2879.813,0,1407.314
2312, 청담역 13번 출구 앞,서울특별시 강남구 영동대로 703,37.52058029,127.05632782,29.0,청담,295.3513348985482,42.0,-13.0,청담역.경기고교,46.76658274923954,27.0,2.0,청담근린공원,351.642057675519,59347.0,68.0,-39.0,3235.494,0,481.473
2313, 금원빌딩 앞,서울특별시 강남구 도산대로 539,37.52511597,127.05246735,28.0,청담,644.1989428798224,42.0,-14.0,프리마호텔,67.75520066387217,28.0,0.0,청담근린공원,421.43845571544546,59347.0,68.0,-40.0,3694.053,0,328.986
2314, 청담나들목입구,서울특별시 강남구 영동대로128길 59,37.52101517,127.06015015,33.0,청담,627.1679745915606,42.0,-9.0,청담역.경기고교,277.2706009276627,36.0,-3.0,청담근린공원,679.7046424881831,59347.0,68.0,-35.0,3358.504,0,262.081
2315, 봉은사역 5번출구 옆,서울특별시 강남구 봉은사로 지하 601,37.51424789,127.06111908,23.0,봉은사,77.16079792992284,23.0,0.0,봉은사역5번출구.광동한방병원,98.13579228086638,23.0,0.0,봉은공원,497.4321171888095,328018.0,46.0,-23.0,2667.558,0,566.299
2316, 삼성역 8번출구,서울특별시 강남구 영동대로 502,37.50957489,127.0634079,24.0,삼성,79.76706165436698,18.0,6.0,삼성역,31.939693569057273,12.0,12.0,봉은공원,847.678596251845,328018.0,46.0,-22.0,2283.273,0,421.637
2317, 삼성도로공원,서울특별시 강남구 영동대로112길 66,37.51588821,127.06620026,22.0,봉은사,557.0782178184421,23.0,-1.0,탄천공영차고지,121.73962362972723,16.0,6.0,봉은공원,969.5726549120141,328018.0,46.0,-24.0,3016.81,0,97.896
2318, 삼성중앙역4번출구(문화센터더 리빌),서울특별시 강남구 봉은사로 531,37.51357651,127.05503082,46.0,삼성중앙,166.57297561818308,36.0,10.0,코엑스인터컨티넨탈호텔,178.7444343518087,27.0,19.0,봉은공원,54.761956143948886,328018.0,46.0,0.0,2450.353,0,1109.451
2319, 포스코사거리 서측(수협 삼성동 지점),서울특별시 강남구 테헤란로 435,37.50660706,127.05467987,35.0,선릉,553.4290212076004,28.0,7.0,포스코사거리,45.80014538375332,29.0,6.0,봉은공원,814.4155172746057,328018.0,46.0,-11.0,1689.126,0,1224.774
2320, 도곡역 대치지구대 방향,서울특별시 강남구 남부순환로 지하 2814,37.4919281,127.05696869,21.0,도곡,174.41770591121121,14.0,7.0,도곡역2번출구.동부센트레빌,54.748396794859254,16.0,5.0,도곡근린공원,1068.1946187186193,254648.0,88.0,-67.0,550.217,0,371.312
2321, 학여울역 사거리,서울특별시 강남구 남부순환로 지하 3104,37.49611664,127.06944275,17.0,학여울,118.34789748598486,20.0,-3.0,대치동미도아파트,163.31044394215527,16.0,1.0,대모산도시자연공원,2094.3629817694386,2277252.0,90.0,-73.0,1231.628,0,318.791
2322, 삼성역 3번 출구,서울특별시 강남구 테헤란로 534,37.50809097,127.06310272,18.0,삼성(무역센터),83.88541169666667,18.0,0.0,삼성역3번출구,116.38243266205386,24.0,-6.0,봉은공원,931.5346010766818,328018.0,46.0,-28.0,2127.856,0,473.114
2323, 주식회사 오뚜기 정문 앞,서울특별시 강남구 영동대로 308,37.50221252,127.06720734,22.0,학여울,685.5983061163457,20.0,2.0,휘문고입구,16.068842319180167,22.0,0.0,봉은공원,1660.363418540713,328018.0,46.0,-24.0,1877.194,0,280.874
2324, 천주교 대치 2동 교회 옆,서울특별시 강남구 도곡로 540,37.50043869,127.06622314,22.0,학여울,570.0386388309337,20.0,2.0,대치2동주민센터.래미안하이스턴,179.10161732897961,22.0,0.0,봉은공원,1771.0693151197013,328018.0,46.0,-24.0,1689.968,0,467.995
2325, 대치삼성아파트 앞 교차로,서울특별시 강남구 도곡로 447,37.4986496,127.05931854,27.0,대치,589.106388130041,18.0,9.0,삼성아파트입구,54.529784840789766,23.0,4.0,도곡근린공원,1564.4785883731438,254648.0,88.0,-61.0,1091.339,0,1029.742
2326, 대치동 삼성로,서울특별시 강남구 삼성로 350,37.50239563,127.05879974,40.0,삼성(무역센터),813.6697752894522,18.0,22.0,대치동현대아파트,89.68348957863766,39.0,1.0,봉은공원,1312.280380475509,328018.0,46.0,-6.0,1390.104,0,946.793
2327, 뱅뱅사거리 랜드마크타워 앞,서울특별시 강남구 강남대로 308,37.49055099,127.03146362,23.0,양재(서초구청),708.8350334148257,33.0,-10.0,래미안아파트.파이낸셜뉴스,72.94274600073676,22.0,1.0,도곡근린공원,1197.565299219332,254648.0,88.0,-65.0,881.836,0,1605.907
2328, 르네상스 호텔 사거리 역삼지하보도 7번출구 앞,서울특별시 강남구 언주로 506,37.50321198,127.04273224,48.0,선릉,497.14653847414985,37.0,11.0,역삼아르누보&조선팰리스강남,8.110818759164088,48.0,0.0,도곡근린공원,1448.6348047485149,254648.0,88.0,-40.0,1268.982,0,2096.075
2329, 르네상스호텔사거리 역삼지하보도 2번출구,서울특별시 강남구 테헤란로 지하 156,37.50235748,127.04319,50.0,선릉,491.46333326326635,37.0,13.0,한국자산신탁.센터필드,104.56025112225892,34.0,16.0,도곡근린공원,1349.1600563232314,254648.0,88.0,-38.0,1170.723,0,1995.653
2330, 역삼월드메르디앙아파트 앞,서울특별시 강남구 도곡로 183,37.49219894,127.03945923,30.0,매봉,870.0485363673814,22.0,8.0,역삼럭키아파트.역삼월드메르디앙아파트,76.5719979493264,33.0,-3.0,도곡근린공원,534.6835065575937,254648.0,88.0,-58.0,359.87,0,1297.986
2331, 동영문화센터앞,서울특별시 강남구 언주로 337,37.49805069,127.04460144,37.0,한티,757.0745600229556,23.0,14.0,동영문화센터,19.802526376606632,37.0,0.0,도곡근린공원,861.270325528382,254648.0,88.0,-51.0,689.37,0,1535.211
2332, 선릉역3번출구,서울특별시 강남구 선릉로 435,37.50400925,127.0490799,28.0,선릉,83.24954956357365,37.0,-9.0,선릉역,147.85613473114947,23.0,5.0,봉은공원,1237.1326450731056,328018.0,46.0,-18.0,1344.971,0,1752.784
2333, 양재역 3번출구 주변,서울특별시 강남구 강남대로 240,37.48515701,127.03407288,34.0,양재(서초구청),77.10226190996563,33.0,1.0,뱅뱅사거리.영동중,154.24904168052942,39.0,-5.0,도곡근린공원,1124.2480840967785,254648.0,88.0,-54.0,264.632,0,1047.058
2334, 삼호아파트 2동 ( 간선도로),서울특별시 강남구 선릉로 지하 228,37.49375916,127.04589844,35.0,한티,674.1851780358561,23.0,12.0,강남세브란스병원,40.03837132836129,35.0,0.0,도곡근린공원,390.74749889649524,254648.0,88.0,-53.0,250.163,0,1081.319
2335, 3호선 매봉역 3번출구앞,서울특별시 강남구 남부순환로 2748,37.48676682,127.04676056,22.0,매봉,20.048936576497546,22.0,0.0,매봉역,177.29661095055474,24.0,-2.0,도곡근린공원,422.69507040851244,254648.0,88.0,-66.0,268.148,0,422.199
2336, 강남세브란스교차로 래미안그레이튼 104동 앞,서울특별시 강남구 선릉로 지하 228,37.49423599,127.04746246,35.0,한티,526.6425846801769,23.0,12.0,역삼중학교.강남세브란스병원,56.85290469078735,35.0,0.0,도곡근린공원,486.03091383104135,254648.0,88.0,-53.0,281.093,0,1043.983
2337, 대모산입구역 2번출구 앞,서울특별시 강남구 영동대로 101,37.49207687,127.07197571,22.0,대모산입구,102.16525118204883,25.0,-3.0,개원중학교.대모산입구역2번출구,26.01486987921281,22.0,0.0,대모산도시자연공원,1593.3195106735618,2277252.0,90.0,-68.0,734.038,0,97.552
2339, 현대아파트 정문 앞,서울특별시 강남구 언주로 107,37.48326111,127.0522995,27.0,매봉,637.2629266381015,22.0,5.0,현대아파트경남아파트,83.99905692026549,27.0,0.0,도곡근린공원,1012.8109684420609,254648.0,88.0,-61.0,783.398,0,154.674
2340, 삼호물산버스정류장(23370) 옆,서울특별시 강남구 논현로 82,37.47750854,127.04517365,19.0,양재시민의숲(매헌),1023.7301686184046,18.0,1.0,삼호물산,30.313927751206204,29.0,-10.0,도곡근린공원,1423.8111057487968,254648.0,88.0,-69.0,793.371,0,207.644
2341, 일원역 4~5번 출구 사이,서울특별시 강남구 일원로 127,37.4833107,127.08493805,50.0,일원,63.51307280279197,45.0,5.0,일원본동주민센터,25.823791429833484,45.0,5.0,대모산도시자연공원,537.3663355898177,2277252.0,90.0,-40.0,307.124,0,597.478
2342, 대청역 1번출구 뒤,서울특별시 강남구 개포로 623,37.49400711,127.07951355,31.0,대청,54.855485672527735,31.0,0.0,대청역,80.28176876512273,24.0,7.0,광평근린공원,1299.7093604428192,519782.0,69.0,-38.0,730.314,0,535.211
2344, 리엔파크 2단지 앞,서울특별시 강남구 헌릉로590길 10,37.46506119,127.10119629,24.0,복정,2350.0345617595735,19.0,5.0,강남신동아파밀리에,49.66562982490222,24.0,0.0,율현공원,1506.052705470991,157535.0,19.0,5.0,159.976,0,16.696
2347, 두산건설 본사,서울특별시 강남구 언주로 726,37.51863861,127.03540039,42.0,강남구청,523.587492317641,59.0,-17.0,서울세관,147.55865872459242,54.0,-12.0,도산근린공원,672.0342373882509,29816.5,30.0,12.0,3074.917,0,1540.279
2348, 포스코사거리(기업은행),서울특별시 강남구 테헤란로 501,37.50723267,127.05685425,25.0,삼성(무역센터),584.3595573163827,18.0,7.0,포스코사거리,60.196513607259476,27.0,-2.0,봉은공원,751.2748302256771,328018.0,46.0,-21.0,1807.93,0,1028.402
2349, 역삼빌딩 앞(하나은행 옆),서울특별시 강남구 테헤란로 지하 156,37.50154495,127.03856659,82.0,역삼,212.59809288426536,43.0,39.0,아가방빌딩.하나은행,20.97022019546128,82.0,0.0,도곡근린공원,1373.1166146741946,254648.0,88.0,-6.0,1179.903,0,2160.863
2350, 래미안그레이튼102동앞,서울특별시 강남구 선릉로69길 19,37.49482346,127.04790497,35.0,한티,465.6215593980464,23.0,12.0,역삼중학교.강남세브란스병원,22.05843278432969,35.0,0.0,도곡근린공원,561.9096717421423,254648.0,88.0,-53.0,339.418,0,1074.015
2351, 청소년수련관(수영장)앞,서울특별시 강남구 광평로 144,37.48387909,127.0890274,41.0,일원,409.7781665443803,45.0,-4.0,시립수서청소년수련관,7.247871165453111,41.0,0.0,광평근린공원,540.4635410223724,519782.0,69.0,-28.0,171.775,0,312.139
2352, 서울본부세관(건설회관 앞),서울특별시 강남구 언주로 721,37.51758957,127.03502655,49.0,학동,477.5023720879165,41.0,8.0,서울세관,31.997636695851646,54.0,-5.0,도산근린공원,787.8861539960367,29816.5,30.0,19.0,2970.37,0,1661.26
2353, 강남구청역 2번출구 뒤,서울특별시 강남구 학동로 342,37.51681137,127.04047394,61.0,강남구청,80.10290388777916,59.0,2.0,강남구청역,27.188187703632916,61.0,0.0,도산근린공원,997.5720792956307,29816.5,30.0,31.0,2791.308,0,1575.761
2354, 청담역 2번출구,서울특별시 강남구 영동대로 647,37.51978683,127.0567627,31.0,청담,304.61175833064755,42.0,-11.0,청담역.경기고교,27.106080687642805,33.0,-2.0,청담근린공원,416.834851096035,59347.0,68.0,-37.0,3156.227,0,535.893
2355, 삼성역 5~6번 출구 사이,서울특별시 강남구 봉은사로 524,37.50912094,127.06230927,19.0,삼성(무역센터),81.11256235583018,18.0,1.0,한국무역센터.삼성역,73.68960943633273,19.0,0.0,봉은공원,802.3929720667876,328018.0,46.0,-27.0,2191.973,0,525.173
2356, 강남구청,서울특별시 강남구 학동로 지하 346,37.51807022,127.04711914,34.0,강남구청,526.6025037772324,59.0,-25.0,강남구청.강남세무서,43.05317105228011,31.0,3.0,청담근린공원,593.5845552522293,59347.0,68.0,-34.0,2913.578,0,1203.498
2357, 르네상스호텔사거리 역삼지하보도 3번출구 앞 (더 오번 빌딩 명동칼국수 앞),서울특별시 강남구 언주로89길 7,37.50166321,127.04297638,50.0,선릉,545.5534931457897,37.0,13.0,르네상스서울호텔,141.1012632051317,49.0,1.0,도곡근린공원,1275.103983887653,254648.0,88.0,-38.0,1095.766,0,1944.384
2358, 구룡초사거리 (현대아파트10동 앞 ),서울특별시 강남구 개포로 303,37.48138428,127.05391693,27.0,구룡,746.8672725633135,40.0,-13.0,하나은행사거리,59.03477637432624,30.0,-3.0,도곡근린공원,1264.8989258306242,254648.0,88.0,-61.0,760.421,0,391.387
2359," 국립국악중,고교 정문 맞은편",서울특별시 강남구 논현로10길 29,37.47560501,127.05037689,26.0,양재시민의숲(매헌),1224.2015034746055,18.0,8.0,국악중고교,24.216466148783393,26.0,0.0,도곡근린공원,1702.0202953353767,254648.0,88.0,-62.0,421.849,0,700.017
2360, 도곡1동 주민센터 교차로,서울특별시 강남구 도곡로 205,37.4928093,127.04138947,35.0,매봉,806.3449231239393,22.0,13.0,도곡1차아이파크.역삼청소년수련관,34.975386330911526,34.0,1.0,도곡근린공원,424.7904920861264,254648.0,88.0,-53.0,237.447,0,1241.857
2362, 신사동 가로수길 입구,서울특별시 강남구 신사동 501-5,37.51763535,127.02245331,25.0,신사,252.0057639158714,28.0,-3.0,신사역8번출구.가로수길,32.77652322398263,26.0,-1.0,도산근린공원,1357.5457750400356,29816.5,30.0,-5.0,2363.945,0,1042.078
2363, 강남 을지병원 교차로,서울특별시 강남구 도산대로 172 ,37.51913834,127.02751923,34.0,학동,656.5945688116032,41.0,-7.0,강남을지병원,128.1900836937537,33.0,1.0,도산근린공원,904.2974347252949,29816.5,30.0,4.0,2683.91,0,1254.956
2364, 도산공원교차로,서울특별시 강남구 도산대로 229 ,37.52124023,127.0318985,32.0,압구정,715.8232221238064,29.0,3.0,신사동교회,127.37700565191157,38.0,-6.0,도산근린공원,471.31201168750067,29816.5,30.0,2.0,2749.694,0,1358.524
2365, K+ 타워 앞,서울특별시 강남구 도산대로 333 ,37.52330017,127.03847504,26.0,압구정로데오,488.7472821092144,25.0,1.0,영동119안전센터,89.11918290603778,26.0,0.0,도산근린공원,340.14857959042206,29816.5,30.0,-4.0,3045.426,0,964.905
2368, 도곡동 경남아파트 건너편,서울특별시 강남구 도곡동 874-1,37.48934174,127.04129791,37.0,매봉,551.2932724174635,22.0,15.0,경남아파트,40.717752084056976,40.0,-3.0,도곡근린공원,346.8452327913916,254648.0,88.0,-51.0,69.823,0,943.99
2369, KT선릉타워,서울특별시 강남구 대치동 1011,37.50542831,127.0528717,28.0,선릉,364.1540634452012,28.0,0.0,선릉역,145.9766125241191,25.0,3.0,봉은공원,970.315188389435,328018.0,46.0,-18.0,1526.27,0,1398.735
2370, 한티역 3번출구,서울특별시 강남구 대치동 1026,37.49655151,127.0542984,27.0,한티,130.5227810191877,23.0,4.0,한티역3번출구.서울강남고용노동지청,18.051850247917166,24.0,3.0,도곡근린공원,1072.0727451422404,254648.0,88.0,-61.0,629.091,0,935.92
2371, 한국우편사업진흥원,서울특별시 강남구 언주로 651,37.51474762,127.03513336,49.0,학동,312.07670732911333,41.0,8.0,임피리얼팰리스호텔.펜트힐루논현,62.22957966799779,49.0,0.0,도산근린공원,1103.9344585592598,29816.5,30.0,19.0,2664.224,0,1958.603
2372, 대치역 사거리,서울특별시 강남구 삼성로 156 ,37.49449921,127.063797,18.0,대치,18.55501612903316,18.0,0.0,은마아파트,147.2507250247817,16.0,2.0,도곡근린공원,1719.6085566954882,254648.0,88.0,-70.0,1201.179,0,494.691
2373, 개포동역 사거리,서울특별시 강남구 개포동 181-3,37.48927689,127.06557465,14.0,개포동,52.991827990449956,21.0,-7.0,개포동역1번출구,37.180640987236245,24.0,-10.0,대모산도시자연공원,1729.1531761515207,2277252.0,90.0,-76.0,855.285,0,72.962
2375, 수서역 1번출구 앞,서울특별시 강남구 수서동 728,37.48735046,127.10099792,21.0,수서,39.78317144234957,21.0,0.0,수서역,15.170116298949882,21.0,0.0,광평근린공원,781.4843869239913,519782.0,69.0,-48.0,261.056,0,488.933
2376, 수서역 6번출구 앞,서울특별시 강남구 수서동 740,37.48677826,127.10051727,20.0,수서,106.56735714777216,29.0,-9.0,수서역KT수서지점,49.52625345300825,20.0,0.0,광평근린공원,748.6188076506872,519782.0,69.0,-49.0,264.407,0,563.594
2377, 수서역 5번출구,서울특별시 강남구 수서동 724-4,37.48735046,127.10232544,21.0,수서,37.046495328444145,21.0,0.0,수서역현대벤쳐빌,40.95520993474417,25.0,-4.0,광평근린공원,898.1152949347037,519782.0,69.0,-48.0,364.604,0,409.349
2380, 삼성동베이직하우스앞,서울특별시 강남구 봉은사로 456,37.51169586,127.04934692,41.0,삼성중앙,376.6322208032294,36.0,5.0,강남교육청,170.08779170702934,44.0,-3.0,봉은공원,595.2931881748775,328018.0,46.0,-5.0,2197.069,0,1633.812
2381, 언주역 6번출구앞,서울특별시 강남구 논현로 566,37.50636673,127.03452301,45.0,언주,117.51405591928238,43.0,2.0,차병원,2.526090205458865,45.0,0.0,도곡근린공원,2011.583716939158,254648.0,88.0,-43.0,1815.772,0,2675.057
2382, 역삼동 sk뷰 501동앞,서울특별시 강남구 역삼로 315-1,37.50122833,127.05036163,31.0,선릉,389.68988849129255,37.0,-6.0,강남더드림병원.도성초등학교,45.37324454338313,31.0,0.0,도곡근린공원,1301.5948136693837,254648.0,88.0,-57.0,1036.401,0,1554.264
2383, 보금자리정원,서울특별시 강남구 헌릉로569길 39-6,37.46632767,127.09488678,35.0,일원,2140.420978538258,45.0,-10.0,세곡푸르지오,65.0188738330322,36.0,-1.0,대모산도시자연공원,1924.5150633132707,2277252.0,90.0,-55.0,237.209,0,95.256
2384, 자곡사거리,서울특별시 강남구 밤고개로 206,37.47602844,127.10594177,20.0,수서,1211.79104569624,29.0,-9.0,래미안포레아파트,103.24118125314459,21.0,-1.0,율현공원,945.7682363044029,157535.0,19.0,1.0,556.508,0,104.51
2385, 학동역,서울특별시 강남구 학동로 지하 180,37.51395035,127.03015137,39.0,학동,136.27778444397282,41.0,-2.0,학동역5번출구,41.94312370082896,39.0,0.0,도산근린공원,1267.7821066602366,29816.5,30.0,9.0,2534.979,0,1806.617
2386, 크린랩 본사,논현동 279-166,37.50958633,127.04090881,49.0,선정릉,275.5574768692353,52.0,-3.0,아크로힐스논현,57.97530102885185,52.0,-3.0,봉은공원,1373.2438127262503,328018.0,46.0,3.0,1991.48,0,2268.979
2387, 래미안강남힐즈 사거리,서울특별시 강남구 자곡로 101,37.47245407,127.09607697,34.0,일원,1619.261288941875,45.0,-11.0,래미안강남힐즈,75.33936918874959,39.0,-5.0,대모산도시자연공원,1555.2111881009623,2277252.0,90.0,-56.0,140.858,0,721.6
2388, 강남구 도시관리공단,강남구 삼성동 111-61,37.51678467,127.05161285,43.0,청담,325.2626696590125,42.0,1.0,센트럴아이파크.강남구도시관리공단,118.13411864179356,47.0,-4.0,봉은공원,469.04874440037634,328018.0,46.0,-3.0,2766.464,0,1060.118
2389, 경기여자고등학교 후문 (삼성로3길 입구),강남구 개포동 198,37.48616028,127.06723785,26.0,개포동,342.63816251642027,21.0,5.0,경기여고,41.11456928864571,26.0,0.0,대모산도시자연공원,1411.062820149564,2277252.0,90.0,-64.0,498.456,0,443.906
2390, 구룡마을 입구 (래미안블레스티지 아파트),강남구 개포동 146-1,37.48088074,127.06304169,35.0,구룡,758.5163722276855,40.0,-5.0,래미안블레스티지아파트,29.78676964340576,30.0,5.0,대모산도시자연공원,1587.379754179279,2277252.0,90.0,-55.0,322.092,0,287.058
2391, 구룡터널 입구(개포1단지아파트),강남구 개포동 146-1,37.47598648,127.05962372,44.0,구룡,1208.6450961493945,40.0,4.0,개포파크빌리지,144.39298442263942,38.0,6.0,대모산도시자연공원,1926.6547228217355,2277252.0,90.0,-46.0,0.0,1,397.158
2392, 구룡산 입구 (구룡산 서울둘레길 입구),강남구 개포동 1277,37.47447205,127.05545044,60.0,구룡,1407.5934896954195,40.0,20.0,도곡교회.인바디빌딩,4.338592904121621,60.0,0.0,도곡근린공원,1986.7933858548129,254648.0,88.0,-28.0,48.039,0,797.844
2394, 개포래미안포레스트아파트 107동 앞,강남구 개포로 264,37.48025131,127.05419159,28.0,구룡,840.2215761656321,40.0,-12.0,개포시영아파트후문,48.40891125593309,28.0,0.0,도곡근린공원,1380.0624472309769,254648.0,88.0,-60.0,642.501,0,517.649
2396, 영동3교 북단(우성캐릭터 앞 보도),강남구 도곡동 466,37.48574066,127.05104828,23.0,매봉,400.69332707356256,22.0,1.0,우성캐릭터빌아파트,142.786742969312,22.0,1.0,도곡근린공원,734.8890462458959,254648.0,88.0,-65.0,487.134,0,106.149
2398, 더라움,강남구 역삼동 801-7,37.50811005,127.0394516,49.0,선정릉,469.06607780223993,52.0,-3.0,라움아트센터.시티프라디움더강남,44.16926642249223,49.0,0.0,봉은공원,1554.8702326648133,328018.0,46.0,3.0,1854.973,0,2477.242
2401, 밀알학교 입구 (삼성서울병원 입구),강남구 일원동 128-10,37.48656082,127.08267212,46.0,일원,354.28387986928414,45.0,1.0,삼성서울병원정문건너편,13.263071247672736,46.0,0.0,대모산도시자연공원,783.2109669677278,2277252.0,90.0,-44.0,49.123,0,795.398
2403, 공무원연금매점 교차로 (개포주공9단지 입구),강남구 일원동 703-2,37.48871994,127.07453918,29.0,대모산입구,335.84292860270557,25.0,4.0,개포동,13.478849770559536,29.0,0.0,대모산도시자연공원,1157.0414539536011,2277252.0,90.0,-61.0,298.438,0,514.284
2404, 대모산입구역 4번 출구 앞,강남구 일원동 700-1,37.49180984,127.07315826,26.0,대모산입구,62.08504272340149,25.0,1.0,대치아파트.대모산입구역3번출구,89.53928624640123,22.0,4.0,대모산도시자연공원,1517.5227218196758,2277252.0,90.0,-64.0,651.803,0,195.73
2405, 청담공원앞 교차로,강남구 삼성동 111-44,37.51871109,127.05084991,41.0,청담,232.17342928824493,42.0,-1.0,SM엔터테인먼트,19.515782615337105,37.0,4.0,청담근린공원,323.305477123787,59347.0,68.0,-27.0,2976.963,0,928.907
2406, 논현동 광명빌딩 앞,강남구 논현동 279,37.5175705,127.02364349,29.0,신사,340.3021643837825,28.0,1.0,신사역8번출구.가로수길,130.30250922501605,26.0,3.0,도산근린공원,1277.674924349838,29816.5,30.0,-1.0,2418.802,0,1115.716
2407, 역삼서초삼성 세무서 앞 (역삼빌딩 앞,강남구 역삼동 804,37.49847031,127.03011322,42.0,강남,201.39988933613105,19.0,23.0,강남역,4.15111649418071,42.0,0.0,도곡근린공원,1598.6146607827907,254648.0,88.0,-46.0,1416.011,0,2344.648
2408, 강남한양수자인아파트,강남구 자곡로 260,37.4773407,127.11327362,18.0,장지,1149.887472228028,20.0,-2.0,강남한양수자인아파트,56.053963410404286,19.0,-1.0,율현공원,593.3914232156138,157535.0,19.0,-1.0,683.122,0,142.155
2409, 역삼동 디오슈페리움 (우성아파트 사거리),강남구 역삼동 858(강남대로 342 앞 도로),37.49206161,127.03074646,23.0,강남,579.9208775630715,18.0,5.0,역삼초등학교,16.99642847415984,23.0,0.0,도곡근린공원,1275.4459063367601,254648.0,88.0,-65.0,1044.927,0,1766.816
2410, 포스코피앤에스타워 (역삼역 3번출구 부근),강남구 역삼동 804(강남구 테헤란로 134 앞 보도),37.49959946,127.03375244,37.0,역삼,264.2155616894363,43.0,-6.0,역삼역.포스코타워역삼,18.440911019486858,37.0,0.0,도곡근린공원,1434.1951882616172,254648.0,88.0,-51.0,1239.966,0,2251.468
2411, 세곡동 성당,강남구 율현동 165-2(강남구 밤고개로21길 50),37.47296906,127.11222839,18.0,복정,1297.571984084612,19.0,-1.0,방죽마을,435.37006043139274,20.0,-2.0,율현공원,305.3429145126305,157535.0,19.0,-1.0,195.878,0,265.017
2413,도곡역 1번 출구,남부순환로 2814,37.49095917,127.05498505,14.0,도곡,34.37292524829955,14.0,0.0,그랑프리백화점,100.48349684037802,14.0,0.0,도곡근린공원,880.9160035076047,254648.0,88.0,-74.0,374.945,0,361.155
2414, 도곡역 아카데미스위트 앞,언주로30길 21,37.48897171,127.05182648,19.0,도곡,386.457423869868,14.0,5.0,군인공제회관,31.891608064050555,20.0,-1.0,도곡근린공원,617.5832874018365,254648.0,88.0,-69.0,212.537,0,344.596
2415,한티역 롯데백화점 앞,선릉로 228,37.49667358,127.05342865,25.0,한티,68.99004964708885,23.0,2.0,한티역2번출구.서울강남고용노동지청,45.51970179402906,25.0,0.0,도곡근린공원,1024.1120400649756,254648.0,88.0,-63.0,604.293,0,981.159
2416,한티역 6번 출구,선릉로 227,37.4958992,127.05219269,27.0,한티,70.80278788774854,23.0,4.0,한티역6번출구,29.75239538765736,24.0,3.0,도곡근린공원,885.8823211064282,254648.0,88.0,-61.0,484.252,0,956.409
2417,선정릉 디캠프(D.CAMP)앞,선릉로 551,37.50799942,127.04524994,36.0,선정릉,278.2888150017223,52.0,-16.0,선정릉역.무형문화재전수회관,170.98999471880998,45.0,-9.0,봉은공원,1116.9747680699181,328018.0,46.0,-10.0,1795.025,0,2033.806
2418,봉은사역 7번 출구,봉은사로 601,37.51393509,127.05982208,23.0,봉은사,48.867540239301896,23.0,0.0,봉은사.코엑스북문,91.4196172835886,33.0,-10.0,봉은공원,381.57035456669774,328018.0,46.0,-23.0,2596.569,0,684.387
2419,"봉은사역 1,2번 출구",봉은사로 601,37.51430893,127.05970001,27.0,봉은사,49.097248209026425,23.0,4.0,봉은사.삼성1파출소앞,76.88628413698767,27.0,0.0,봉은공원,373.52835462825436,328018.0,46.0,-19.0,2632.624,0,689.85
2420,학여울역 사거리(LG베스트샵 앞),영동대로 202,37.49689484,127.07013702,20.0,학여울,47.85274275953258,20.0,0.0,학여울역,113.79403452734584,21.0,-1.0,대모산도시자연공원,2142.4173330154376,2277252.0,90.0,-70.0,1272.086,0,296.214
2421, 신논현역 4번출구,봉은사로 110,37.504673,127.02579498,27.0,신논현,65.3677739534909,27.0,0.0,신논현역4번출구,1.8783601293817984,27.0,0.0,도곡근린공원,2330.319334057693,254648.0,88.0,-61.0,1693.88,0,2106.452
2422,수서동 성당 맞은편,광평로34길 202,37.48416901,127.09484863,37.0,수서,644.8334926931101,29.0,8.0,수서교회.수서동성당앞,79.34627640082874,24.0,13.0,광평근린공원,490.8982427124859,519782.0,69.0,-32.0,58.271,0,321.131
2423,영희초교 사거리(래미안개포루체하임),개포로110길 50,37.4908371,127.08065033,26.0,대청,313.58422587226244,31.0,-5.0,영희초등학교,41.94920428707789,26.0,0.0,광평근린공원,1063.9317318598387,519782.0,69.0,-43.0,419.209,0,765.982
2425,세곡동 사거리(대왕초등학교 정류장),헌릉로618길 8,37.46461868,127.10684967,27.0,복정,1894.925813281008,19.0,8.0,대왕초등학교,5.8820199038585725,27.0,0.0,율현공원,1153.7654930573983,157535.0,19.0,8.0,404.382,0,218.409
2426,강남한신휴플러스 6단지,강남구 율현동 333-1,37.46829605,127.10469818,42.0,복정,1968.5427119670348,19.0,23.0,한신휴플러스6단지,99.98330113513934,41.0,1.0,율현공원,1061.1463021929246,157535.0,19.0,23.0,412.722,0,456.073
2427,개포고등학교 정문앞,강남구 개포로402,37.48485184,127.0583725,23.0,구룡,225.04268476891846,40.0,-17.0,개포고등학교,58.25925090658521,23.0,0.0,도곡근린공원,1324.3094311307905,254648.0,88.0,-65.0,919.716,0,335.7
2430,강남파이낸스센터앞(역삼역2번출구),테헤란로152,37.50024414,127.03605652,43.0,역삼,54.83847827808243,43.0,0.0,역삼역,24.386683300640914,43.0,0.0,도곡근린공원,1358.9685486086526,254648.0,88.0,-45.0,1161.915,0,2183.516
2431,대치역 7번출구,남부순환로155,37.49411774,127.06290436,13.0,대치,85.17955215059632,18.0,-5.0,대치역8번출구,65.85021618668395,17.0,-4.0,도곡근린공원,1632.432880717243,254648.0,88.0,-75.0,1113.573,0,469.619
3602, 한국지역난방공사강남지사,양재대로 781,37.49229431,127.09433746,19.0,수서,823.5464595047393,21.0,-2.0,일원1동주민센터,577.8971443356002,22.0,-3.0,광평근린공원,509.3221797570988,519782.0,69.0,-50.0,67.638,0,320.014
3603, 삼성역 2번출구,영동대로606앞,37.5082016,127.06396484,27.0,삼성,98.03901784482628,18.0,9.0,삼성역,86.44300445294577,28.0,-1.0,봉은공원,979.7087682162961,328018.0,46.0,-19.0,2178.922,0,396.003
3604, 삼성중앙역 5번출구,삼성동145-1,37.51296234,127.05386353,34.0,삼성중앙,51.57642929301604,36.0,-2.0,삼성중앙역.플래티넘아파트,191.00886057648336,35.0,-1.0,봉은공원,177.948048783219,328018.0,46.0,-12.0,2365.428,0,1220.395
3605, 봉은사역6번출구(현대아이파크타워앞),삼성동160,37.51390839,127.06072998,19.0,봉은사,54.97837996812603,23.0,-4.0,봉은사역3번출구.삼성1파출소,142.4562318321999,31.0,-12.0,봉은공원,461.6309440102819,328018.0,46.0,-27.0,2620.274,0,605.168
3606, 신사동주민센터 옆,압구정로 130,37.52422714,127.02285004,17.0,압구정,587.2864302362686,29.0,-12.0,가로수길,37.32738888072816,17.0,0.0,도산근린공원,1075.245566176874,29816.5,30.0,-13.0,1984.672,0,566.049
3609, 언주초등학교 입구,남부순환로2641,37.48536682,127.03849792,27.0,양재(서초구청),380.9211484218494,33.0,-6.0,양재역,32.00500561943325,27.0,0.0,도곡근린공원,796.8684175480074,254648.0,88.0,-61.0,335.528,0,758.853
3610, 윗반마을 입구,세곡동 97-3,37.46534729,127.1088028,29.0,복정,1704.7441631703987,19.0,10.0,세곡동사거리,54.267505744263154,29.0,0.0,율현공원,981.0330524007423,157535.0,19.0,10.0,220.721,0,332.041
3611, 방죽마을 입구,율현동 264-5,37.47123337,127.10721588,21.0,복정,1722.434165015155,19.0,2.0,방죽마을입구,66.11478801311597,22.0,-1.0,율현공원,749.3948306607693,157535.0,19.0,2.0,356.558,0,616.878
3612, 은곡마을,세곡동 548(도담공원~행복공원 사이),37.46726227,127.09801483,32.0,수서,2148.2378396119357,29.0,3.0,은곡마을,45.25076457414035,32.0,0.0,율현공원,1650.6517486321961,157535.0,19.0,13.0,176.034,0,129.462
3614, 은마아파트 입구 사거리,삼성로237(정성한줄 대치점 앞),37.49840164,127.06093597,24.0,대치,484.3137847604151,18.0,6.0,농협대치지점,55.148352410262525,21.0,3.0,도곡근린공원,1666.512841060523,254648.0,88.0,-64.0,1179.896,0,970.891
3615, 서울 논현동우체국 앞,학동로212,37.51446152,127.0326004,46.0,학동,87.21643769317132,41.0,5.0,서울세관사거리,200.8259917549049,51.0,-5.0,도산근린공원,1155.7399004303038,29816.5,30.0,16.0,2706.831,0,1936.285
3616, 역삼중학교 앞(체육관 방향),도곡로43길 10,37.49526215,127.04950714,30.0,한티,316.10926862433615,23.0,7.0,도곡렉슬아파트.강남세브란스병원,148.3025801494316,35.0,-5.0,도곡근린공원,677.2351453471996,254648.0,88.0,-58.0,373.464,0,1030.589
3618, 서울율현초교 삼거리,밤고개로 231,37.47364044,127.10702515,20.0,수서,1493.9413579676543,29.0,-9.0,래미안포레아파트,103.26656309297633,19.0,1.0,율현공원,770.0597005091652,157535.0,19.0,1.0,489.199,0,379.483
3620, 청담역 11번 출구,학동로87길 7,37.51925659,127.0515976,42.0,청담,155.02065236544613,42.0,0.0,진흥아파트,43.58719549647906,45.0,-3.0,청담근린공원,242.1481953267906,59347.0,68.0,-26.0,3040.304,0,840.168
3621, 휘문고교 사거리,영동대로 319,37.50286484,127.06594086,37.0,삼성(무역센터),708.6609758828857,18.0,19.0,휘문고.대치2동주민센터,79.50467301585945,38.0,-1.0,봉은공원,1534.6547804389074,328018.0,46.0,-9.0,1838.41,0,340.919
3622, 은마아파트입구 사거리(1),삼성로 312,37.49986649,127.0605011,36.0,대치,646.6480548216396,18.0,18.0,대치현대아파트,113.25981085542861,41.0,-5.0,봉은공원,1621.9837445815106,328018.0,46.0,-10.0,1260.848,0,924.156
3623, 일원에코파크 앞(개포로 방면),개포로 670,37.49587631,127.08650208,16.0,대청,668.6767373497405,31.0,-15.0,대청초등학교,223.10808765489006,22.0,-6.0,광평근린공원,1004.8331552248512,519782.0,69.0,-53.0,587.365,0,231.014
3624, 대모산입구역 7번 출구 앞,개포로 522(사진참고),37.49017715,127.07305908,30.0,대모산입구,136.29620863218736,25.0,5.0,개포주공7단지앞,131.08879458349733,32.0,-2.0,대모산도시자연공원,1362.7133832175043,2277252.0,90.0,-60.0,505.804,0,308.92
3627, 압구정나들목,압구정동 507,37.53075027,127.04160309,24.0,압구정로데오,386.32526150246906,25.0,-1.0,한양아파트.압구정로데오역,328.51193259789824,22.0,2.0,도산근린공원,890.1399076383403,29816.5,30.0,-6.0,2910.012,0,93.409
3628, 역삼1동 주민센터,역삼로 7길 16,37.49521255,127.03302765,28.0,강남,470.43228207177975,18.0,10.0,역삼초등학교,136.57536614251325,27.0,1.0,도곡근린공원,1191.1567420507513,254648.0,88.0,-60.0,1012.689,0,1901.065
3629, 청담사거리(신한오피스텔빌딩 앞),도산대로 510,37.52416229,127.0489502,23.0,청담,659.6319661547286,42.0,-19.0,청담동주민센터,60.577641701123824,23.0,0.0,청담근린공원,441.47342336209124,59347.0,68.0,-45.0,3581.107,0,577.2
3630, 개포우성6차아파트 정문 앞,언주로 3,37.47685623,127.05536652,34.0,구룡,1151.9462172816457,40.0,-6.0,우성6차아파트,78.39155449367408,31.0,3.0,도곡근린공원,1752.1762641669097,254648.0,88.0,-54.0,271.777,0,713.471
3634, 국악고교 앞 교차로,논현로 34,37.47402191,127.04844666,29.0,양재시민의숲(매헌),990.2948851676471,18.0,11.0,구룡사거리,26.867088322156228,26.0,3.0,도곡근린공원,1836.3143032819576,254648.0,88.0,-59.0,395.142,0,665.093
3636, 삼성중앙역·플래티넘아파트 정류소,봉은사로 471,37.51264191,127.05156708,45.0,삼성중앙,156.72781006518258,36.0,9.0,삼성중앙역.플래티넘아파트,4.166834381294118,45.0,0.0,봉은공원,373.82346008605754,328018.0,46.0,-1.0,2307.357,0,1426.213
3637, 세곡데이케어센터,헌릉로 590길 68,37.46072388,127.10287476,31.0,복정,2398.4027049176902,19.0,12.0,서울요양원.강남구립행복요양병원,54.16811490199703,29.0,2.0,율현공원,1710.6139112340677,157535.0,19.0,12.0,234.865,0,199.848
3638, 신청담나들목,강변오솔길,37.52796173,127.05162811,24.0,청담,967.8988133963279,42.0,-18.0,영동대교남단(가상),91.04421557055153,16.0,8.0,청담근린공원,741.4478599495498,59347.0,68.0,-44.0,3848.627,0,111.711
3640, 일원1동주민센터앞 사거리,강남구 일원동 645-13,37.4909668,127.08836365,23.0,대청,829.0634448917097,31.0,-8.0,일원주유소.삼성서울병원후문,69.46450101267804,27.0,-4.0,광평근린공원,468.19135799406536,519782.0,69.0,-46.0,71.55,0,514.895
3641, 대청역,강남구 일원로 7,37.49370575,127.0799942,31.0,대청,46.01523666178819,31.0,0.0,대청역,54.982313857874956,24.0,7.0,광평근린공원,1246.1639776523423,519782.0,69.0,-38.0,703.969,0,585.278
3642, LH강남힐스테이트아파트,자곡로3길 21,37.47092819,127.08970642,69.0,일원,1493.6372457873142,45.0,24.0,세곡중학교.세명초등학교,199.48104240677804,54.0,15.0,대모산도시자연공원,1239.159737118082,2277252.0,90.0,-21.0,216.77,0,416.252
3643, 더시그넘하우스 앞,자곡로 174-14,37.47267914,127.10375977,23.0,수서,1534.1276174416803,29.0,-6.0,못골마을,171.73720130077777,24.0,-1.0,율현공원,1045.076074988209,157535.0,19.0,4.0,390.625,0,460.007
3644, 상록수아파트,광평로10길 15,37.48276138,127.08042145,57.0,일원,364.79683251335905,45.0,12.0,푸른마을아파트앞,22.093955807808218,57.0,0.0,대모산도시자연공원,349.38624395631376,2277252.0,90.0,-33.0,160.768,0,913.19
3646, 선정릉역 4번 출구,강남구 봉은사로 326,37.5097847,127.04277039,43.0,선정릉,122.42952472301589,52.0,-9.0,선정릉역4번출구.시니어플라자,12.438918439965565,43.0,0.0,봉은공원,1212.247412855468,328018.0,46.0,-3.0,1995.555,0,2147.868
3647, 구룡역 1번 출구,개포동 175-3,37.48642349,127.05931854,29.0,구룡,61.64599951375845,40.0,-11.0,구룡역5번출구,36.79163066406337,29.0,0.0,도곡근린공원,1332.4816553504181,254648.0,88.0,-59.0,906.464,0,240.262
3648, 구룡역 4번 출구,개포동 156-17,37.48670578,127.0605011,25.0,구룡,145.90520294220124,40.0,-15.0,구룡역5번출구,132.7577558875161,29.0,-4.0,도곡근린공원,1422.4021457761155,254648.0,88.0,-63.0,916.194,0,254.307
3649, 구룡역 5번 출구,개포동 181-1,37.48607635,127.05921936,29.0,구룡,90.66079154134238,40.0,-11.0,구룡역5번출구,3.7458738653115744,29.0,0.0,도곡근린공원,1337.3142392298917,254648.0,88.0,-59.0,919.173,0,268.545
3651, 개포동역 4번출구,"강남구 개포동 182-4
(개포동역 4번출구)",37.48929596,127.06616974,15.0,개포동,20.18194194156666,21.0,-6.0,개포동역7번출구.개포시장,71.8089161759771,21.0,-6.0,대모산도시자연공원,1689.5780441597792,2277252.0,90.0,-75.0,822.173,0,83.738
4901,KT&G타워 옆(상상마당 대치아트홀),강남구 대치동 1002,37.50687408,127.06473541,28.0,삼성,258.1762679262916,18.0,10.0,삼성역,72.09939750740189,28.0,0.0,봉은공원,1129.1328303653563,328018.0,46.0,-18.0,2097.02,0,338.017
4902, 구역삼세무서 교차로,강남구 논현로 337,37.49524307,127.03937531,32.0,역삼,651.2003108238803,43.0,-11.0,총지사,54.489122378176546,31.0,1.0,도곡근린공원,741.472593199778,254648.0,88.0,-56.0,546.483,0,1563.654
4903, 신사스퀘어,신사동 504-11,37.51916885,127.0189743,19.0,신사,330.85930235003264,28.0,-9.0,신사동.더리버사이드호텔,155.55195140996318,31.0,-12.0,도산근린공원,1542.6434869962793,29816.5,30.0,-11.0,2272.342,0,703.558
4905, 강남경찰서,강남구 대치동 998,37.50971985,127.06679535,25.0,삼성,327.5313301259748,18.0,7.0,강남경찰서.강남운전면허시험장,22.350869670754363,25.0,0.0,봉은공원,1099.8106185135543,328018.0,46.0,-21.0,2459.425,0,123.485
4906, 섬유센터 앞,강남구 대치동 944-1,37.50767136,127.06017303,39.0,삼성(무역센터),293.971876079713,18.0,21.0,삼성역,31.834642016764203,39.0,0.0,봉은공원,806.3884350325801,328018.0,46.0,-7.0,1962.744,0,733.813
4907, 극동스포츠 앞,강남구 신사동 575,37.5257225,127.02588654,21.0,압구정,272.139869903092,29.0,-8.0,광림교회.현대고등학교,66.21248234618061,24.0,-3.0,도산근린공원,814.6662213191973,29816.5,30.0,-9.0,2022.881,0,644.009
4908, SB타워 앞,강남구 도산대로 318,37.52210999,127.03646088,35.0,강남구청,661.3688034184021,59.0,-24.0,씨네시티앞,133.21336733329375,26.0,9.0,도산근린공원,311.91869732228855,29816.5,30.0,5.0,2982.644,0,1144.306
4909, 노보텔 앰배서더 앞,강남구 봉은사로 130,37.50570297,127.02919769,45.0,신논현,385.1145116004697,27.0,18.0,노보텔앰배서더호텔,43.543533361846315,46.0,-1.0,도산근린공원,2171.4173000664273,29816.5,30.0,15.0,2010.441,0,2369.197
4913, 레베쌍트 빌딩 앞,봉은사로86길 6,37.51292038,127.056427,29.0,삼성중앙,277.57681908286526,36.0,-7.0,코엑스인터컨티넨탈호텔,78.46516722284686,27.0,2.0,봉은공원,136.6381891419202,328018.0,46.0,-17.0,2406.169,0,996.199
4914, 도심공항타워 앞,삼성동 159-9,37.50999069,127.05847168,22.0,삼성(무역센터),432.74754377797643,18.0,4.0,도심공항(가상),22.781201394306414,22.0,0.0,봉은공원,508.0293646209108,328018.0,46.0,-24.0,2143.645,0,847.363
4915, 영동중앙교회 버스정류장,강남구 논현로 420,37.49775314,127.03857422,45.0,역삼,369.7041359090686,43.0,2.0,영동중앙교회,3.851224183740732,45.0,0.0,도곡근린공원,1004.6213679007215,254648.0,88.0,-43.0,807.741,0,1829.413
4916, 청담역 1번출구,강남구 영동대로 648,37.51973724,127.05767822,36.0,청담,383.95953352633364,42.0,-6.0,청담역.경기고교,50.17070915686422,36.0,0.0,청담근린공원,493.5239931359879,59347.0,68.0,-32.0,3167.748,0,497.618
4917,일원에코파크 주차장,강남구 일원동 701-2,37.49404526,127.08678436,20.0,대청,642.5549922732143,31.0,-11.0,대청초등학교,26.977394594370608,22.0,-2.0,광평근린공원,819.8667947963039,519782.0,69.0,-49.0,406.812,0,420.55
4918,매봉역 1번출구,강남구 도곡동 180-26,37.48661041,127.04550934,24.0,매봉,117.27548323360583,22.0,2.0,매봉역,84.95895144968702,24.0,0.0,도곡근린공원,413.8084322266337,254648.0,88.0,-64.0,179.751,0,481.937
4919,학여울역사거리(은마아파트),강남구 대치동 398,37.49665833,127.06938171,17.0,학여울,106.95046825584724,20.0,-3.0,쌍용아파트,158.60432112091303,22.0,-5.0,대모산도시자연공원,2149.7777749887186,2277252.0,90.0,-73.0,1285.045,0,353.492
4923,수협대치동지점,서울특별시 강남구 영동대로 214-2,37.49861526,127.0683136,27.0,학여울,295.96648754230614,20.0,7.0,대치동은마아파트,34.27356577221868,22.0,5.0,봉은공원,2041.5402193499538,328018.0,46.0,-19.0,1519.278,0,403.583
4924,논현동가구거리,강남구 논현동 56-21,37.51280975,127.02636719,39.0,논현,476.68845040245674,32.0,7.0,영동시장,276.9806751248834,42.0,-3.0,도산근린공원,1524.6053628866507,29816.5,30.0,9.0,2195.132,0,1661.048
4925,청담백영빌딩 앞,강남구 도산대로 456,37.52390289,127.04660797,37.0,압구정로데오,660.6716963173001,25.0,12.0,청담2치안센터,149.87394428405887,23.0,14.0,청담근린공원,589.7655051455121,59347.0,68.0,-31.0,3562.483,0,664.665
4926,대치우성아파트 사거리,강남구 영동대로 230,37.50099564,127.06803894,19.0,학여울,531.8895415759499,20.0,-1.0,우성아파트,36.999857675257175,17.0,2.0,봉은공원,1812.1373714396648,328018.0,46.0,-27.0,1758.928,0,307.624
4928,교수마을 입구,강남구 자곡동 203-1,37.4818573,127.10456085,19.0,수서,565.3186211130518,29.0,-10.0,쟁골마을,45.68984629154725,18.0,1.0,광평근린공원,1290.710619109509,519782.0,69.0,-50.0,537.342,0,325.883
4929,파스쿠찌 청담사거리점 앞,강남구 도산대로 509,37.52464676,127.04914856,23.0,청담,694.4195539135627,42.0,-19.0,청담동주민센터,16.53430245067562,23.0,0.0,청담근린공원,470.40324188305806,59347.0,68.0,-45.0,3634.567,0,520.695
4930,학여울역 1번 출구,강남구 대치동 13-9,37.49662018,127.07099915,18.0,학여울,36.058412862200484,20.0,-2.0,학여울역,35.765948874850096,21.0,-3.0,대모산도시자연공원,2081.8773018347165,2277252.0,90.0,-72.0,1207.41,0,215.524
